{
    "name": "root",
    "metadata": {
        "timer_format_version": "0.1.0",
        "start_time_seconds": "1639865668",
        "python_version": "3.7.9 (tags/v3.7.9:13c94747c7, Aug 17 2020, 18:58:18) [MSC v.1900 64 bit (AMD64)]",
        "command_line_arguments": "C:\\shovalga-Autonomous-car\\venv\\Scripts\\mlagents-learn --run-id=test12",
        "mlagents_version": "0.27.0",
        "mlagents_envs_version": "0.27.0",
        "communication_protocol_version": "1.5.0",
        "pytorch_version": "1.7.0+cu110",
        "numpy_version": "1.21.4",
        "end_time_seconds": "1639865721"
    },
    "total": 53.167784100000006,
    "count": 1,
    "self": 0.005252200000001039,
    "children": {
        "run_training.setup": {
            "total": 0.019141999999999992,
            "count": 1,
            "self": 0.019141999999999992
        },
        "TrainerController.start_learning": {
            "total": 53.1433899,
            "count": 1,
            "self": 0.012239600000022222,
            "children": {
                "TrainerController._reset_env": {
                    "total": 43.3008739,
                    "count": 1,
                    "self": 43.3008739
                },
                "TrainerController.advance": {
                    "total": 9.730835499999984,
                    "count": 720,
                    "self": 0.0122140999999516,
                    "children": {
                        "env_step": {
                            "total": 9.661075300000071,
                            "count": 720,
                            "self": 6.611098700000014,
                            "children": {
                                "SubprocessEnvManager._take_step": {
                                    "total": 3.0429000000000457,
                                    "count": 720,
                                    "self": 0.032948799999942935,
                                    "children": {
                                        "TorchPolicy.evaluate": {
                                            "total": 3.0099512000001027,
                                            "count": 720,
                                            "self": 0.7768291000001994,
                                            "children": {
                                                "TorchPolicy.sample_actions": {
                                                    "total": 2.2331220999999033,
                                                    "count": 720,
                                                    "self": 2.2331220999999033
                                                }
                                            }
                                        }
                                    }
                                },
                                "workers": {
                                    "total": 0.007076600000011979,
                                    "count": 719,
                                    "self": 0.0,
                                    "children": {
                                        "worker_root": {
                                            "total": 10.747054599999892,
                                            "count": 719,
                                            "is_parallel": true,
                                            "self": 4.701819699999838,
                                            "children": {
                                                "steps_from_proto": {
                                                    "total": 0.0004974000000004253,
                                                    "count": 1,
                                                    "is_parallel": true,
                                                    "self": 0.0002929000000051474,
                                                    "children": {
                                                        "_process_rank_one_or_two_observation": {
                                                            "total": 0.0002044999999952779,
                                                            "count": 2,
                                                            "is_parallel": true,
                                                            "self": 0.0002044999999952779
                                                        }
                                                    }
                                                },
                                                "UnityEnvironment.step": {
                                                    "total": 6.044737500000053,
                                                    "count": 719,
                                                    "is_parallel": true,
                                                    "self": 0.04709719999979001,
                                                    "children": {
                                                        "UnityEnvironment._generate_step_input": {
                                                            "total": 0.17115840000015936,
                                                            "count": 719,
                                                            "is_parallel": true,
                                                            "self": 0.17115840000015936
                                                        },
                                                        "communicator.exchange": {
                                                            "total": 5.664015200000101,
                                                            "count": 719,
                                                            "is_parallel": true,
                                                            "self": 5.664015200000101
                                                        },
                                                        "steps_from_proto": {
                                                            "total": 0.16246670000000307,
                                                            "count": 719,
                                                            "is_parallel": true,
                                                            "self": 0.10760430000002685,
                                                            "children": {
                                                                "_process_rank_one_or_two_observation": {
                                                                    "total": 0.05486239999997622,
                                                                    "count": 1438,
                                                                    "is_parallel": true,
                                                                    "self": 0.05486239999997622
                                                                }
                                                            }
                                                        }
                                                    }
                                                }
                                            }
                                        }
                                    }
                                }
                            }
                        },
                        "trainer_advance": {
                            "total": 0.05754609999996063,
                            "count": 719,
                            "self": 0.014837099999894576,
                            "children": {
                                "process_trajectory": {
                                    "total": 0.042709000000066055,
                                    "count": 719,
                                    "self": 0.042709000000066055
                                }
                            }
                        }
                    }
                },